iter	Logloss
0	0.5636824476
1	0.4928460892
2	0.4499865001
